,unemployment,coincident,leading_price,ESI,export_price,current_account,GDP,land_price_change,CCSI,manufacturing_capacity_utilization,us_policy_rate,kosdaq_index,capital_account,us_industrial_production,us_consumer_sentiment,us_CPI,economic_growth_rate,interest_rate,pred,datetime
0,3.3,102.5,101.2,112.3,111.27,-688.7,351166.0,0.368,74.0,116.0,3.0,608.84,-0.9,-0.1,78.4,4.1,0.8,5.0,,08-Jan
1,3.5,102.5,100.6,114.7,112.58,-2235.2,351166.0,0.393,74.0,100.6,3.0,655.94,1.5,-0.4,70.8,4.1,0.8,5.0,,08-Feb
2,3.4,102.4,100.2,107.3,119.74,972.5,351166.0,0.465,74.0,118.2,2.25,644.45,-3.8,-0.3,69.5,4.1,0.8,5.0,,08-Mar
3,3.2,102.1,100.0,109.0,122.64,-2386.5,369200.0,0.508,74.0,117.7,2.0,647.02,-0.2,-0.7,62.6,4.4,0.4,5.0,,08-Apr
4,3.1,101.8,99.7,104.1,131.5,-1737.8,369200.0,0.481,74.0,116.2,2.0,652.15,9.3,-0.6,59.8,4.4,0.4,5.0,,08-May
5,3.1,101.3,99.3,99.3,132.99,-1143.0,369200.0,0.473,74.0,113.8,2.0,590.19,5.1,-0.3,56.4,4.4,0.4,5.0,,08-Jun
6,3.1,101.0,98.8,93.8,133.13,-2261.7,369270.0,0.425,74.0,112.2,2.0,539.44,24.1,-0.5,61.2,5.3,0.7,5.0,,08-Jul
7,3.1,100.8,98.6,102.4,131.22,-3845.0,369270.0,0.426,92.0,103.7,2.0,470.28,-8.3,-1.6,63.0,5.3,0.7,5.25,,08-Aug
8,3.0,100.7,98.4,98.5,137.27,1469.0,369270.0,0.322,91.0,106.3,2.0,440.77,7.6,-4.4,70.3,5.3,0.7,5.0,,08-Sep
9,3.0,100.4,98.0,82.7,147.88,3904.5,372696.0,0.04,78.0,117.1,1.0,308.03,-1.4,1.0,57.6,1.6,-3.4,4.25,,08-Oct
10,3.0,99.7,97.5,71.4,142.96,2761.1,372696.0,-1.44,73.0,100.5,1.0,307.48,-0.7,-1.3,55.3,1.6,-3.4,4.0,,08-Nov
11,3.3,98.5,97.2,61.2,136.62,6943.8,372696.0,-2.725,68.0,89.6,0.125,332.05,-5.9,-2.8,60.1,1.6,-3.4,3.0,,08-Dec
12,3.6,97.8,97.0,68.0,131.97,175.8,343864.0,-0.756,75.0,82.9,0.125,364.9,-7.2,-2.5,61.2,0.0,0.3,2.5,,09-Jan
13,3.9,97.6,97.4,70.6,138.34,5013.0,343864.0,-0.352,77.0,89.7,0.125,363.21,2.7,-0.6,56.3,0.0,0.3,2.0,,09-Feb
14,4.0,97.7,97.9,73.4,140.61,5786.0,343864.0,-0.093,73.0,103.0,0.125,421.44,-8.0,-1.6,57.3,0.0,0.3,2.0,,09-Mar
15,3.8,97.8,99.0,91.1,132.11,3139.2,364474.0,0.066,94.0,105.8,0.125,500.98,-1.6,-0.8,65.1,-1.2,1.4,2.0,,09-Apr
16,3.8,97.8,99.6,96.3,126.16,2329.4,364474.0,0.115,105.0,104.9,0.125,528.8,-4.9,-1.0,68.7,-1.2,1.4,2.0,,09-May
17,3.8,98.5,100.4,99.4,128.57,4064.7,364474.0,0.166,108.0,110.6,0.125,485.15,-0.4,-0.3,70.8,-1.2,1.4,2.0,,09-Jun
18,3.7,98.6,100.6,100.5,129.49,1987.7,373199.0,0.206,110.0,111.1,0.125,504.35,-2.4,1.2,66.0,-1.6,3.1,2.0,1.99572,09-Jul
19,3.7,98.7,100.7,109.0,129.76,1169.6,373199.0,0.363,118.0,102.3,0.125,514.7,-14.4,1.1,65.7,-1.6,3.1,2.0,2.00714,09-Aug
20,3.3,98.9,100.9,110.6,127.41,2197.6,373199.0,0.305,118.0,116.5,0.125,505.94,-7.4,0.9,73.5,-1.6,3.1,2.0,2.01806,09-Sep
21,3.2,99.1,101.5,113.3,123.54,2512.2,392784.0,0.296,123.0,111.4,0.125,486.46,-7.3,0.2,70.6,1.4,0.7,2.0,1.99546,09-Oct
22,3.3,99.1,102.1,109.7,123.83,3013.8,392784.0,0.299,118.0,113.0,0.125,464.32,-9.4,0.4,67.4,1.4,0.7,2.0,2.00109,09-Nov
23,3.5,99.0,102.4,111.0,124.84,1698.6,392784.0,0.342,117.0,113.8,0.125,513.57,-9.3,0.3,72.5,1.4,0.7,2.0,1.9958,09-Dec
24,5.0,99.2,102.5,114.0,123.74,-1776.4,370887.0,0.253,117.0,108.9,0.125,496.57,-23.2,1.1,74.4,2.4,2.3,2.0,2.0027,10-Jan
25,4.8,99.7,102.4,117.3,125.26,-322.4,370887.0,0.234,115.0,99.0,0.125,507.03,-3.1,0.4,73.6,2.4,2.3,2.0,2.00404,10-Feb
26,4.1,100.1,102.1,116.1,124.72,917.1,370887.0,0.209,115.0,118.0,0.125,515.74,-7.4,0.7,73.6,2.4,2.3,2.0,1.99967,10-Mar
27,3.7,100.3,101.9,117.5,125.05,796.9,394033.0,0.139,114.0,117.1,0.125,523.75,-16.7,0.4,72.2,1.8,1.6,2.0,2.00844,10-Apr
28,3.2,100.7,102.0,116.8,128.15,6650.4,394033.0,0.102,114.0,115.3,0.125,489.42,-5.8,1.4,73.6,1.8,1.6,2.0,2.00161,10-May
29,3.5,100.8,102.0,115.5,131.88,3751.1,394033.0,0.047,116.0,117.7,0.125,489.98,-5.7,0.2,76.0,1.8,1.6,2.0,2.08391,10-Jun
30,3.7,101.0,101.9,115.8,131.02,3549.3,394720.0,-0.002,116.0,117.0,0.125,481.45,2.4,0.4,67.8,1.2,1.0,2.25,2.24663,10-Jul
31,3.3,100.6,101.6,114.2,127.49,3758.1,394720.0,-0.007,114.0,107.3,0.125,464.71,-1.7,0.4,68.9,1.2,1.0,2.25,2.3193,10-Aug
32,3.4,100.2,101.4,114.5,126.41,4207.4,394720.0,-0.042,113.0,108.2,0.125,492.75,-6.6,0.3,68.2,1.2,1.0,2.25,2.32254,10-Sep
33,3.3,99.7,101.0,112.3,122.68,4265.4,417614.0,-0.033,112.0,118.4,0.125,526.45,-15.8,-0.3,67.7,1.3,1.4,2.25,2.49838,10-Oct
34,3.0,99.7,100.9,113.8,123.37,3897.5,417614.0,0.03,115.0,117.4,0.125,498.39,-2.1,0.1,71.6,1.3,1.4,2.5,2.50615,10-Nov
35,3.5,100.1,100.7,112.2,127.0,-1743.9,417614.0,0.113,114.0,118.3,0.125,510.69,22.5,1.0,74.5,1.3,1.4,2.5,2.62003,10-Dec
36,3.8,101.0,101.0,112.1,124.74,-3159.6,390920.0,0.091,113.0,114.1,0.125,521.38,-17.1,-0.2,74.2,2.1,1.0,2.75,2.76537,11-Jan
37,4.5,100.8,101.2,113.6,127.24,1344.9,390920.0,0.089,110.0,99.1,0.125,504.46,-5.4,-0.4,77.5,2.1,1.0,2.75,2.67949,11-Feb
38,4.3,100.9,101.1,110.2,131.09,-2438.3,390920.0,0.108,99.0,120.0,0.125,525.42,-7.5,1.0,67.5,2.1,1.0,3.0,2.69348,11-Mar
39,3.7,100.4,100.9,113.9,129.26,-2545.2,409157.0,0.098,101.0,116.5,0.125,511.0,-3.2,-0.3,69.8,3.4,0.4,3.0,2.98403,11-Apr
40,3.2,100.8,100.8,111.7,127.0,-1247.2,409157.0,0.097,105.0,117.2,0.125,484.54,5.2,0.1,74.3,3.4,0.4,3.0,2.97618,11-May
41,3.3,101.0,100.7,108.7,125.55,1321.8,409157.0,0.1,102.0,118.8,0.125,479.55,-11.7,0.3,71.5,3.4,0.4,3.25,2.92597,11-Jun
42,3.3,101.0,100.6,107.8,123.12,3938.8,407007.0,0.101,103.0,114.4,0.125,536.05,0.1,0.5,63.7,3.8,0.5,3.25,2.97541,11-Jul
43,3.0,101.2,100.4,106.7,124.03,4470.5,407007.0,0.094,98.0,107.7,0.125,493.44,-3.3,0.6,55.8,3.8,0.5,3.25,3.24182,11-Aug
44,3.0,100.8,100.1,106.3,127.67,2996.3,407007.0,0.094,97.0,110.8,0.125,449.66,-2.2,-0.1,59.5,3.8,0.5,3.25,3.2629,11-Sep
45,2.9,101.0,100.0,104.4,129.21,3572.4,428340.0,0.095,100.0,116.7,0.125,490.69,-1.2,0.7,60.8,3.3,0.7,3.25,3.27928,11-Oct
46,2.9,100.7,99.8,104.5,125.82,6645.7,428340.0,0.095,105.0,116.3,0.125,492.81,-2.0,0.0,63.7,3.3,0.7,3.25,3.05893,11-Nov
47,3.0,100.7,99.6,100.3,125.69,1738.1,428340.0,0.098,99.0,114.2,0.125,500.18,-63.7,0.5,69.9,3.3,0.7,3.25,3.23485,11-Dec
48,3.5,100.3,99.7,101.3,126.85,-2288.0,400808.0,0.087,97.0,105.0,0.125,513.99,-9.6,0.6,75.0,2.8,1.0,3.25,3.24045,12-Jan
49,4.2,100.7,100.1,105.0,126.39,-2584.0,400808.0,0.091,102.0,110.4,0.125,542.3,-5.8,0.3,75.3,2.8,1.0,3.25,3.22307,12-Feb
50,3.7,100.5,100.4,106.3,127.18,3580.0,400808.0,0.12,102.0,116.9,0.125,519.56,-3.8,-0.5,76.2,2.8,1.0,3.25,2.95742,12-Mar
51,3.5,100.6,100.5,109.7,127.72,-144.8,419611.0,0.116,107.0,112.3,0.125,478.89,0.3,0.7,76.4,1.9,0.4,3.25,3.02236,12-Apr
52,3.1,100.7,100.2,105.8,126.67,5015.8,419611.0,0.112,107.0,116.5,0.125,471.94,-1.0,0.2,79.3,1.9,0.4,3.25,3.22051,12-May
53,3.2,100.6,100.2,101.2,124.89,6069.3,419611.0,0.097,101.0,115.2,0.125,489.16,-6.0,0.0,73.2,1.9,0.4,3.25,3.21886,12-Jun
54,3.1,100.8,99.9,96.7,123.24,8375.5,416979.0,0.065,99.0,110.4,0.125,467.61,-5.5,0.2,72.3,1.7,0.4,3.0,3.04568,12-Jul
55,3.0,100.1,99.6,95.1,123.2,1618.0,416979.0,0.032,100.0,100.3,0.125,508.35,-1.9,-0.4,74.3,1.7,0.4,3.0,3.03807,12-Aug
56,2.9,100.0,99.3,93.9,123.39,6484.3,416979.0,0.024,98.0,106.9,0.125,523.78,-1.6,-0.1,78.3,1.7,0.4,3.0,3.02773,12-Sep
57,2.8,99.7,99.2,91.8,120.79,7287.6,439689.0,0.059,99.0,111.4,0.125,508.31,-4.9,0.3,82.6,1.9,0.7,2.75,2.77054,12-Oct
58,2.8,100.0,99.3,91.0,117.48,8187.5,439689.0,0.067,99.0,114.4,0.125,499.37,0.7,0.4,82.7,1.9,0.7,2.75,2.77001,12-Nov
59,2.9,100.2,99.4,91.7,116.6,7189.4,439689.0,0.082,98.0,109.1,0.125,496.32,-2.6,0.3,72.9,1.9,0.7,2.75,2.77256,12-Dec
60,3.4,100.1,99.4,94.9,116.53,2752.4,410140.0,0.031,102.0,112.3,0.125,503.67,-8.0,0.0,73.8,1.7,0.8,2.75,2.74532,13-Jan
61,3.9,100.1,99.4,96.9,119.37,2212.5,410140.0,0.066,101.0,96.4,0.125,535.87,-2.9,0.5,77.6,1.7,0.8,2.75,2.76176,13-Feb
62,3.5,99.7,99.4,98.9,119.68,6740.2,410140.0,0.109,104.0,110.4,0.125,555.02,8.2,0.4,78.6,1.7,0.8,2.75,2.82875,13-Mar
63,3.2,99.8,99.5,98.6,120.39,5039.9,432419.0,0.132,102.0,111.2,0.125,563.87,-1.6,-0.1,76.4,1.4,1.1,2.75,2.83677,13-Apr
64,3.0,99.7,99.5,97.9,119.35,9608.2,432419.0,0.13,104.0,112.9,0.125,577.87,-11.0,0.1,84.5,1.4,1.1,2.5,2.61582,13-May
65,3.1,99.9,99.7,97.0,122.39,6824.8,432419.0,0.105,105.0,109.4,0.125,519.06,-14.9,0.2,84.1,1.4,1.1,2.5,2.4963,13-Jun
66,3.1,99.8,99.8,96.2,121.3,6964.6,432357.0,0.019,105.0,107.4,0.125,554.31,1.1,-0.3,85.1,1.6,1.0,2.5,2.5083,13-Jul
67,3.0,99.8,99.8,96.1,120.51,6389.3,432357.0,0.001,105.0,103.0,0.125,516.74,18.2,0.6,82.1,1.6,1.0,2.5,2.5093,13-Aug
68,2.7,99.7,99.7,96.9,117.56,7847.7,432357.0,0.076,101.0,98.8,0.125,534.89,-6.5,0.5,77.5,1.6,1.0,2.5,2.53128,13-Sep
69,2.7,100.0,99.8,98.2,115.38,10724.0,457372.0,0.152,107.0,113.2,0.125,532.44,-2.0,-0.1,73.2,1.2,0.9,2.5,2.51983,13-Oct
70,2.6,100.0,99.8,98.6,114.49,5891.6,457372.0,0.156,108.0,111.5,0.125,517.06,0.0,0.3,75.1,1.2,0.9,2.5,2.45693,13-Nov
71,3.0,100.2,99.9,98.4,114.12,6263.7,457372.0,0.151,108.0,110.0,0.125,499.99,-7.6,0.2,82.5,1.2,0.9,2.5,2.51469,13-Dec
72,3.4,100.5,99.9,101.0,114.29,1837.7,425653.0,0.107,110.0,104.4,0.125,515.2,-3.0,-0.4,81.2,1.4,0.8,2.5,1.84448,14-Jan
73,4.5,100.5,99.9,103.2,115.05,4812.5,425653.0,0.142,109.0,99.5,0.125,528.96,3.5,0.8,81.6,1.4,0.8,2.5,2.52641,14-Feb
74,3.9,100.6,99.8,101.3,114.55,6182.8,425653.0,0.199,110.0,112.5,0.125,541.58,-2.6,1.0,80.0,1.4,0.8,2.5,2.50004,14-Mar
75,3.8,100.4,99.7,103.0,111.49,6875.5,447906.0,0.18,110.0,113.2,0.125,559.34,2.6,0.1,84.1,2.1,0.9,2.5,2.49881,14-Apr
76,3.5,100.0,99.5,101.2,109.71,9148.3,447906.0,0.152,105.0,108.6,0.125,546.53,-4.3,0.4,81.9,2.1,0.9,2.5,2.49996,14-May
77,3.5,100.0,99.5,97.8,109.59,7768.8,447906.0,0.148,108.0,108.0,0.125,537.06,-2.6,0.3,82.5,2.1,0.9,2.5,2.50069,14-Jun
78,3.4,100.0,99.3,96.0,109.95,6198.8,445193.0,0.168,106.0,112.1,0.125,536.32,-6.3,0.2,81.8,1.8,0.3,2.5,2.48504,14-Jul
79,3.3,100.0,99.4,98.3,110.14,6793.9,445193.0,0.138,108.0,98.6,0.125,570.2,11.2,-0.2,82.5,1.8,0.3,2.25,2.25216,14-Aug
80,3.1,99.7,99.6,101.1,109.85,7418.7,445193.0,0.186,108.0,101.1,0.125,573.22,-1.3,0.3,84.6,1.8,0.3,2.25,2.27028,14-Sep
81,3.2,99.3,99.6,96.3,110.65,8604.5,469223.0,0.202,106.0,108.9,0.125,558.7,-1.1,0.0,86.9,1.2,0.5,2.0,2.01343,14-Oct
82,3.0,99.0,99.7,97.8,111.95,10582.7,469223.0,0.159,103.0,106.7,0.125,545.08,-0.8,0.6,88.8,1.2,0.5,2.0,2.0042,14-Nov
83,3.3,99.3,99.7,96.6,109.1,6805.4,469223.0,0.166,102.0,110.8,0.125,542.97,-4.2,0.0,93.6,1.2,0.5,2.0,1.99691,14-Dec
84,3.7,99.3,100.0,98.5,104.4,7076.0,436985.0,0.143,103.0,104.2,0.125,591.58,-13.0,-0.8,98.1,-0.1,0.9,2.0,2.00364,15-Jan
85,4.5,99.7,100.2,103.1,105.78,6136.4,436985.0,0.149,104.0,92.9,0.125,624.56,-1.7,-0.6,95.4,-0.1,0.9,2.0,1.92541,15-Feb
86,4.0,99.3,100.4,101.3,106.77,9761.5,436985.0,0.186,102.0,108.2,0.125,650.49,-7.3,-0.3,93.0,-0.1,0.9,1.75,1.7275,15-Mar
87,3.9,99.2,100.5,103.7,104.81,7221.6,456539.0,0.197,105.0,107.3,0.125,689.01,-8.7,-0.6,95.9,0.0,0.4,1.75,1.76471,15-Apr
88,3.7,98.6,100.6,102.2,105.92,7958.8,456539.0,0.178,106.0,103.4,0.125,711.39,-1.6,-0.5,90.7,0.0,0.4,1.75,1.7124,15-May
89,3.8,98.5,100.5,91.6,107.14,11546.2,456539.0,0.212,99.0,108.1,0.125,742.27,-15.3,-0.3,96.1,0.0,0.4,1.5,1.51498,15-Jun
90,3.6,98.4,100.4,95.7,107.72,9367.2,460592.0,0.215,101.0,106.2,0.125,725.06,-29.9,0.6,93.1,0.1,1.5,1.5,1.05875,15-Jul
91,3.4,98.9,100.3,97.3,108.39,8119.4,460592.0,0.19,102.0,99.1,0.125,687.11,1.5,-0.2,91.9,0.1,1.5,1.5,1.52113,15-Aug
92,3.2,99.6,100.5,97.0,107.53,10600.3,460592.0,0.191,104.0,104.8,0.125,678.48,2.2,-0.3,87.2,0.1,1.5,1.5,1.53206,15-Sep
93,3.1,100.1,100.4,97.5,103.43,9561.0,486072.0,0.223,106.0,110.2,0.125,683.63,-5.4,-0.5,90.0,0.5,0.8,1.5,1.49634,15-Oct
94,3.0,99.9,100.3,97.1,102.31,9727.7,486072.0,0.242,107.0,107.0,0.125,688.38,18.8,-0.7,91.3,0.5,0.8,1.5,1.52925,15-Nov
95,3.2,99.9,100.0,94.0,102.38,8042.5,486072.0,0.251,103.0,107.9,0.375,682.35,0.2,-0.5,92.6,0.5,0.8,1.5,1.46931,15-Dec
96,3.7,99.5,99.7,93.9,102.78,7317.4,450099.0,0.173,101.0,100.7,0.375,682.8,-2.6,0.5,92.0,1.1,0.4,1.5,1.40266,16-Jan
97,4.9,99.5,99.4,92.8,103.6,7927.5,450099.0,0.17,98.0,92.9,0.375,651.62,-2.3,-0.5,91.7,1.1,0.4,1.5,1.39592,16-Feb
98,4.2,99.2,99.4,94.4,102.34,11122.8,450099.0,0.216,101.0,108.7,0.375,688.38,-3.2,-0.8,91.0,1.1,0.4,1.5,1.51089,16-Mar
99,3.9,99.2,99.3,97.1,99.33,4184.3,474127.0,0.214,102.0,103.5,0.375,699.77,-5.0,0.3,89.0,1.0,1.3,1.5,1.30958,16-Apr
100,3.6,99.5,99.4,95.4,101.72,10491.0,474127.0,0.221,100.0,107.0,0.375,698.45,1.0,-0.2,94.7,1.0,1.3,1.5,1.23356,16-May
101,3.6,99.7,99.3,95.1,101.88,12409.7,474127.0,0.246,99.0,108.4,0.375,675.09,-3.0,0.5,93.5,1.0,1.3,1.25,0.973925,16-Jun
102,3.5,99.9,99.4,96.2,99.71,8831.8,474405.0,0.244,102.0,105.1,0.375,706.24,5.8,0.1,90.0,1.1,0.4,1.25,0.972084,16-Jul
103,3.6,100.1,99.5,98.1,97.88,5410.1,474405.0,0.234,103.0,98.3,0.375,663.69,17.2,-0.1,89.8,1.1,0.4,1.25,1.04014,16-Aug
104,3.5,99.9,99.7,98.1,98.65,7517.5,474405.0,0.237,103.0,99.4,0.375,681.21,-9.1,-0.1,91.2,1.1,0.4,1.25,1.01659,16-Sep
105,3.3,99.8,99.8,96.6,101.97,7476.8,499920.0,0.252,103.0,104.9,0.375,624.68,-6.3,0.1,87.2,1.8,0.8,1.25,1.00751,16-Oct
106,3.1,100.1,100.0,96.3,105.85,7873.3,499920.0,0.242,96.0,109.1,0.375,596.11,-35.0,-0.4,93.8,1.8,0.8,1.25,0.998834,16-Nov
107,3.2,100.3,100.2,94.1,109.12,7361.5,499920.0,0.218,94.0,108.7,0.625,631.44,-3.7,0.7,98.2,1.8,0.8,1.25,0.855692,16-Dec
108,3.7,100.7,100.4,96.4,110.44,3401.7,465694.0,0.183,93.0,98.8,0.625,616.13,42.9,-0.2,98.5,2.5,1.1,1.25,1.2486,17-Jan
109,4.9,100.7,100.7,98.2,108.88,7438.6,465694.0,0.231,94.0,97.4,0.625,612.2,-2.0,-0.4,96.3,2.5,1.1,1.25,1.24546,17-Feb
110,4.1,100.9,100.9,100.7,107.44,5140.3,465694.0,0.321,97.0,109.9,0.875,619.28,-1.7,0.6,96.9,2.5,1.1,1.25,1.24798,17-Mar
111,4.2,101.0,101.1,100.3,108.17,3184.0,488383.0,0.315,102.0,103.6,0.875,628.24,-26.4,1.0,97.0,1.9,0.7,1.25,0.913739,17-Apr
112,3.6,101.1,101.2,101.3,106.88,4262.1,488383.0,0.387,109.0,104.6,0.875,652.04,-1.9,0.1,97.1,1.9,0.7,1.25,1.24022,17-May
113,3.8,101.1,101.4,100.7,106.62,7008.9,488383.0,0.391,113.0,105.4,1.125,669.04,-32.1,0.2,95.0,1.9,0.7,1.25,2.07626,17-Jun
114,3.4,101.0,101.5,99.9,107.82,7467.4,493866.0,0.391,113.0,104.3,1.125,650.47,17.1,-0.2,93.4,2.0,1.4,1.25,1.36103,17-Jul
115,3.6,101.1,101.7,101.1,108.43,6139.4,493866.0,0.347,111.0,100.0,1.125,657.83,-21.8,-0.5,96.8,2.0,1.4,1.25,1.47702,17-Aug
116,3.3,101.2,101.7,99.7,109.68,12337.7,493866.0,0.32,109.0,108.2,1.125,652.82,-1.2,0.1,95.1,2.0,1.4,1.25,1.48244,17-Sep
117,3.2,101.2,101.8,102.8,110.25,6890.0,515790.0,0.286,111.0,97.9,1.125,694.2,-7.4,1.2,100.7,2.1,-0.2,1.25,1.31966,17-Oct
118,3.1,101.4,101.7,102.8,108.53,7474.3,515790.0,0.32,114.0,106.9,1.125,771.42,38.8,0.3,98.5,2.1,-0.2,1.5,1.501,17-Nov
119,3.3,101.0,101.5,102.7,106.89,4486.5,515790.0,0.319,112.0,101.9,1.375,798.42,-31.1,0.2,95.9,2.1,-0.2,1.5,1.55687,17-Dec
120,3.7,101.0,101.5,100.1,106.65,2556.9,480607.0,0.325,112.0,102.4,1.375,913.57,-6.1,0.0,95.7,2.2,1.5,1.5,1.52198,18-Jan
121,4.6,101.1,101.5,101.6,107.95,3226.7,480607.0,0.308,110.0,90.5,1.375,857.06,-13.3,0.2,99.7,2.2,1.5,1.5,1.52344,18-Feb
122,4.5,101.0,101.5,98.4,106.42,5210.4,480607.0,0.351,110.0,106.4,1.625,871.09,1.7,0.5,101.4,2.2,1.5,1.5,1.50894,18-Mar
123,4.1,100.9,101.2,100.5,106.61,1490.4,504712.0,0.33,109.0,104.9,1.625,875.95,47.7,1.1,98.8,2.7,0.8,1.5,1.47862,18-Apr
124,4.0,100.8,101.2,102.5,108.45,8792.3,504712.0,0.345,110.0,107.0,1.625,879.66,11.8,-0.9,98.0,2.7,0.8,1.5,1.50446,18-May
125,3.7,100.8,101.0,100.5,109.3,7980.1,504712.0,0.37,107.0,106.1,1.875,818.22,-6.7,0.8,98.2,2.7,0.8,1.5,1.4647,18-Jun
126,3.7,100.7,100.9,96.2,112.03,8874.4,506698.0,0.403,102.0,105.4,1.875,775.52,-6.7,0.1,97.9,2.6,0.5,1.5,1.49014,18-Jul
127,4.0,100.5,100.5,97.3,111.98,8581.2,506698.0,0.42,100.0,102.3,1.875,816.97,-3.9,0.7,96.2,2.6,0.5,1.5,1.49719,18-Aug
128,3.6,100.2,100.4,99.8,112.2,11235.5,506698.0,0.427,101.0,98.7,2.125,822.27,73.3,0.0,100.1,2.6,0.5,1.5,1.4887,18-Sep
129,3.5,100.1,100.1,95.5,112.75,9473.6,534086.0,0.455,100.0,109.8,2.125,648.67,82.3,-0.2,98.6,2.2,0.6,1.5,1.56364,18-Oct
130,3.2,99.9,99.9,94.4,109.22,5130.6,534086.0,0.416,97.0,106.8,2.125,695.76,-9.5,0.1,97.5,2.2,0.6,1.75,1.75482,18-Nov
131,3.4,99.8,99.6,95.0,106.19,4914.4,534086.0,0.341,98.0,103.9,2.375,675.65,146.1,0.0,98.3,2.2,0.6,1.75,1.75972,18-Dec
132,4.5,99.9,99.5,92.2,104.74,2894.7,489587.0,0.314,99.0,101.6,2.375,716.86,-29.1,-0.7,91.2,1.6,0.1,1.75,1.75248,19-Jan
133,4.7,99.4,99.3,97.7,105.18,3308.2,489587.0,0.265,101.0,86.1,2.375,731.25,-15.0,-0.5,93.8,1.6,0.1,1.75,1.74657,19-Feb
134,4.3,99.3,99.4,96.8,105.38,4347.0,489587.0,0.3,101.0,103.1,2.375,729.31,5.4,0.0,98.4,1.6,0.1,1.75,1.75241,19-Mar
135,4.4,99.1,99.4,98.1,106.09,-527.4,516735.0,0.317,103.0,104.8,2.375,754.74,-19.5,-0.5,97.2,1.8,1.3,1.75,1.74981,19-Apr
136,4.0,99.4,99.1,94.5,108.79,4983.2,516735.0,0.33,99.0,106.9,2.375,696.47,-12.9,0.1,100.0,1.8,1.3,1.75,1.71952,19-May
137,4.0,99.4,98.9,95.1,106.38,6166.1,516735.0,0.323,99.0,103.7,2.375,690.53,-2.2,0.1,98.2,1.8,1.3,1.75,1.73644,19-Jun
138,3.9,99.5,98.6,92.3,106.01,6957.2,517950.0,0.337,97.0,108.8,2.375,630.18,-3.6,-0.5,98.4,1.8,0.2,1.5,1.50093,19-Jul
139,3.0,99.6,98.5,91.5,107.46,4983.5,517950.0,0.33,93.0,100.6,2.125,610.55,-0.7,0.8,89.8,1.8,0.2,1.5,1.49675,19-Aug
140,3.1,99.7,98.5,94.5,106.56,8014.3,517950.0,0.322,98.0,101.6,1.875,621.76,-60.4,-0.3,93.2,1.8,0.2,1.5,1.52516,19-Sep
141,3.0,99.8,98.9,93.4,104.36,8035.8,548710.0,0.336,100.0,108.7,1.625,658.52,-14.7,-0.9,95.5,2.0,1.0,1.25,1.26261,19-Oct
142,3.1,99.6,99.2,94.8,102.11,5876.6,548710.0,0.336,102.0,105.9,1.625,632.99,-4.6,0.6,96.8,2.0,1.0,1.25,1.25765,19-Nov
143,3.4,100.1,99.5,95.3,102.82,4636.9,548710.0,0.335,102.0,107.6,1.625,669.83,-12.0,-0.2,99.3,2.0,1.0,1.25,1.20808,19-Dec
144,4.1,100.3,99.5,98.0,102.12,184.5,495490.0,0.331,105.0,95.1,1.625,642.48,-18.5,-0.6,99.8,2.1,-1.3,1.25,1.18275,20-Jan
145,4.1,99.6,99.5,90.0,103.05,6708.2,495490.0,0.321,98.0,93.3,1.625,610.73,-3.6,0.3,101.0,2.1,-1.3,1.25,0.847296,20-Feb
146,4.2,98.4,99.1,68.6,101.41,5825.8,495490.0,0.269,79.0,107.3,0.125,569.07,-20.1,-4.0,89.1,2.1,-1.3,0.75,0.762344,20-Mar
147,4.2,97.3,98.8,61.3,99.22,-4023.8,503166.0,0.236,72.0,96.1,0.125,645.18,-3.2,-13.2,71.8,0.4,-2.7,0.75,0.956131,20-Apr
148,4.5,96.4,98.5,63.5,99.7,1942.1,503166.0,0.257,78.0,91.5,0.125,713.68,-155.0,1.6,72.3,0.4,-2.7,0.5,0.541839,20-May
149,4.3,96.5,98.7,68.2,100.28,7039.3,503166.0,0.299,83.0,99.0,0.125,737.97,-3.2,6.6,78.1,0.4,-2.7,0.5,0.497655,20-Jun
150,4.0,96.6,99.0,76.8,100.36,7225.9,513692.0,0.332,85.0,100.7,0.125,815.3,-33.3,3.6,72.5,1.2,2.2,0.5,1.75319,20-Jul
151,3.1,97.0,99.5,83.1,100.3,6589.0,513692.0,0.312,89.0,93.4,0.125,848.24,0.5,1.0,74.1,1.2,2.2,0.5,0.500573,20-Aug
152,3.6,97.4,99.8,77.4,100.26,10672.3,513692.0,0.303,80.0,106.2,0.125,848.15,-4.6,0.0,80.4,1.2,2.2,0.5,0.500038,20-Sep
153,3.7,97.8,100.2,88.8,97.88,12057.1,546119.0,0.294,93.0,102.8,0.125,792.65,-17.4,0.7,81.8,1.2,1.6,0.5,0.495267,20-Oct
154,3.4,98.4,100.7,91.9,97.42,9618.8,546119.0,0.322,99.0,105.6,0.125,886.11,-91.4,0.4,76.9,1.2,1.6,0.5,0.502274,20-Nov
155,4.1,98.5,101.0,85.7,97.99,12063.0,546119.0,0.343,91.0,109.0,0.125,968.42,-36.5,1.3,80.7,1.2,1.6,0.5,0.548812,20-Dec
156,5.7,98.1,101.3,92.9,100.16,5762.3,508035.0,0.311,95.0,100.7,0.125,928.73,-12.7,0.6,79.0,1.9,1.5,0.5,0.756782,21-Jan
157,4.9,98.2,101.6,96.8,103.68,6520.2,508035.0,0.311,97.0,93.1,0.125,913.94,-16.1,-3.3,76.8,1.9,1.5,0.5,0.538363,21-Feb
158,4.3,98.5,101.9,101.7,107.43,6688.8,508035.0,0.338,101.0,109.5,0.125,956.17,-5.0,2.8,84.9,1.9,1.5,0.5,0.496505,21-Mar
159,4.0,99.4,102.3,106.0,110.26,518.1,538210.0,0.35,103.0,104.6,0.125,983.45,-16.2,0.1,88.3,4.8,1.3,0.5,0.500105,21-Apr
160,4.0,99.5,102.6,105.9,112.29,11307.2,538210.0,0.342,106.0,103.1,0.125,981.78,-7.6,0.9,82.9,4.8,1.3,0.5,0.500237,21-May
161,3.8,99.5,102.8,110.1,113.36,9972.0,538210.0,0.35,111.0,108.7,0.125,1029.96,4.8,0.5,85.5,4.8,1.3,0.5,0.499601,21-Jun
162,3.2,99.4,102.7,104.6,117.77,7387.0,537548.0,0.353,104.0,107.9,0.125,1031.14,-13.9,0.4,81.2,5.3,0.0,0.75,0.74863,21-Jul
163,2.6,99.5,102.4,105.8,119.27,6701.4,537548.0,0.359,103.0,101.7,0.125,1038.33,-18.4,0.0,70.3,5.3,0.0,0.75,0.746009,21-Aug
164,2.7,99.4,102.0,105.3,120.73,9510.3,537548.0,0.358,104.0,103.3,0.125,1003.27,-9.8,-1.0,72.8,5.3,0.0,0.75,0.749379,21-Sep
165,2.8,99.6,101.6,106.6,123.42,7903.9,569629.0,0.345,107.0,106.3,0.125,992.33,-4.9,1.4,71.7,6.7,1.6,0.75,0.766151,21-Oct
166,2.6,99.9,101.3,107.4,122.27,6592.0,569629.0,0.344,108.0,111.1,0.125,965.63,-40.9,0.9,67.4,6.7,1.6,1.0,1.04937,21-Nov
167,3.5,100.7,101.2,105.3,120.78,6365.0,569629.0,0.335,104.0,117.2,0.125,1033.98,-14.6,-0.1,70.6,6.7,1.6,1.0,1.05393,21-Dec
168,4.1,101.1,101.2,106.4,122.23,1634.2,525699.0,0.3,105.0,106.0,0.125,872.87,-5.7,0.0,67.2,8.0,0.5,1.25,1.24897,22-Jan
169,3.4,101.3,100.9,106.7,124.89,5160.9,525699.0,0.292,104.0,98.3,0.125,881.07,-4.0,0.6,62.8,8.0,0.5,1.25,1.25168,22-Feb
170,3.0,101.0,100.7,104.3,132.6,7170.9,525699.0,0.311,104.0,112.8,0.375,944.53,43.5,0.8,59.4,8.0,0.5,1.25,1.29744,22-Mar
171,3.0,100.6,100.5,106.6,134.57,567.1,554536.0,0.318,104.0,108.0,0.375,904.75,-8.6,0.2,65.2,8.6,0.8,1.5,1.52848,22-Apr
172,3.0,100.7,100.6,107.6,138.64,4018.8,554536.0,0.336,103.0,109.1,0.875,893.36,-0.6,0.1,58.4,8.6,0.8,1.75,1.71387,22-May
173,3.0,100.8,100.7,103.4,140.0,5920.9,554536.0,0.323,97.0,108.7,1.625,745.44,2.1,-0.1,50.0,8.6,0.8,1.75,1.71136,22-Jun
174,2.9,101.0,100.4,98.5,136.54,1851.2,555872.0,0.304,86.0,105.8,2.375,803.62,-4.0,0.2,51.5,8.3,0.4,2.25,2.50982,22-Jul
175,2.1,101.4,100.3,99.9,134.73,-4102.9,555872.0,0.276,89.0,99.9,2.375,807.04,-2.2,0.1,58.2,8.3,0.4,2.5,3.25456,22-Aug
176,2.4,101.3,100.3,98.6,138.52,1861.6,555872.0,0.197,92.0,100.0,3.125,672.65,78.1,0.4,58.6,8.3,0.4,2.5,2.55023,22-Sep
177,2.4,101.2,100.3,95.7,140.12,762.4,576052.0,0.081,89.0,101.7,3.125,695.33,21.7,-0.1,59.9,7.1,-0.5,3.0,2.77136,22-Oct
178,2.3,100.7,100.1,91.9,132.49,-1323.6,576052.0,-0.005,86.0,103.8,3.875,729.54,-135.4,-0.3,56.7,7.1,-0.5,3.25,2.96278,22-Nov
179,3.0,100.2,99.6,92.1,124.37,2307.1,576052.0,-0.032,90.0,103.7,4.375,679.29,15.8,-1.2,59.8,7.1,-0.5,3.25,3.22734,22-Dec
180,3.6,99.8,99.3,90.7,120.65,-8928.2,531552.0,-0.036,91.0,92.5,4.375,740.49,7.2,0.9,64.9,5.8,0.4,3.5,3.47139,23-Jan
181,3.1,100.0,99.0,91.8,121.58,-1902.5,531552.0,-0.021,90.0,91.8,4.625,791.6,-0.6,0.1,66.9,5.8,0.4,3.5,3.81021,23-Feb
182,2.9,100.3,98.8,91.9,124.12,-1290.3,531552.0,0.008,92.0,106.3,4.875,847.52,-37.8,0.0,62.0,5.8,0.4,3.5,3.78527,23-Mar
183,2.8,100.5,98.6,94.5,124.41,-2427.2,559956.0,0.015,95.0,99.4,4.875,842.83,-52.5,0.4,63.7,4.0,0.6,3.5,3.52414,23-Apr
184,2.7,100.6,98.7,94.9,122.48,2092.5,559956.0,0.043,98.0,103.7,5.125,856.94,74.7,-0.2,59.0,4.0,0.6,3.5,3.53115,23-May
185,2.7,100.5,99.1,96.4,118.5,3900.4,559956.0,0.051,101.0,104.4,5.125,868.24,46.5,-0.6,64.2,4.0,0.6,3.5,3.49808,23-Jun
186,2.7,100.1,99.4,94.8,118.5,3727.0,563643.0,0.063,104.0,98.8,5.375,935.97,-26.3,0.7,71.5,3.5,0.8,3.5,3.51528,23-Jul
187,2.0,100.0,99.4,94.7,123.35,6142.8,563643.0,0.106,103.0,100.4,5.375,928.4,-26.5,0.0,69.4,3.5,0.8,3.5,3.70128,23-Aug
188,2.3,99.8,99.6,93.4,125.53,7295.6,563643.0,0.128,100.0,102.7,5.375,841.02,23.1,0.2,67.8,3.5,0.8,3.5,3.72671,23-Sep
189,2.1,99.9,99.8,92.4,126.37,8233.1,588069.0,0.158,98.0,102.5,5.375,736.1,43.7,-0.7,63.8,3.2,0.5,3.5,3.71639,23-Oct
190,2.3,99.9,100.1,91.8,122.08,7045.1,588069.0,0.157,97.0,106.7,5.375,831.68,-11.2,0.3,61.3,3.2,0.5,3.5,3.68599,23-Nov
191,3.3,99.8,100.2,91.7,120.84,8933.4,588069.0,0.148,100.0,104.7,5.375,866.57,6.8,-0.2,69.7,3.2,0.5,3.5,3.69767,23-Dec
192,3.7,99.9,100.2,91.8,124.59,3048.2,548923.0,0.131,102.0,101.0,5.375,799.24,23.9,-1.1,79.0,3.2,1.3,3.5,3.70613,24-Jan
193,3.2,100.1,100.4,93.7,126.54,6444.1,548923.0,0.134,102.0,92.2,5.375,862.96,62.0,1.2,76.9,3.2,1.3,3.5,3.71234,24-Feb
194,3.0,99.8,100.2,92.5,126.94,6989.4,548923.0,0.166,101.0,103.3,5.375,905.5,-5.5,-0.2,79.4,3.2,1.3,3.5,3.8569,24-Mar
195,3.0,99.7,100.5,94.8,132.55,1486.3,572793.0,0.178,101.0,103.4,5.375,868.93,40.1,-0.2,77.2,3.2,-0.2,3.5,3.80445,24-Apr
196,3.0,99.1,100.5,94.1,131.78,9094.5,572793.0,0.183,98.0,104.9,5.375,839.98,165.0,0.6,69.1,3.2,-0.2,3.5,3.72108,24-May
197,2.9,99.0,100.7,95.0,132.88,13096.2,572793.0,0.19,101.0,104.7,5.375,840.44,-1.1,0.3,68.2,3.2,-0.2,3.5,3.4872,24-Jun
198,2.5,98.3,100.7,96.3,133.88,9051.1,571839.0,0.198,104.0,100.8,5.375,803.15,6.0,-0.7,66.4,2.6,0.1,3.5,3.54682,24-Jul
199,1.9,98.2,100.6,94.5,130.08,6730.2,571839.0,0.196,101.0,100.7,5.375,767.66,-2.7,0.5,67.9,2.6,0.1,3.5,3.76642,24-Aug
200,2.1,98.1,100.7,94.0,126.77,11287.8,571839.0,0.194,100.0,98.7,4.875,763.88,-3.1,-0.4,70.1,2.6,0.1,3.5,3.716,24-Sep
201,2.3,98.1,100.6,92.8,128.54,9401.2,595368.0,0.196,102.0,104.9,4.875,743.06,7.2,-0.5,70.5,2.7,0.1,3.25,3.34918,24-Oct
202,2.2,97.6,100.8,93.0,130.57,10046.4,595368.0,0.188,101.0,103.8,4.625,678.19,-9.9,-0.1,71.8,2.7,0.1,3.0,3.06821,24-Nov
203,3.8,97.6,100.6,83.3,133.75,12367.5,595368.0,0.176,88.0,106.7,4.375,678.19,21.4,1.0,74.0,2.7,0.1,3.0,3.01382,24-Dec
204,,,,,,,,,,,,,,,,,,,2.9658769365422466,25-Jan
205,,,,,,,,,,,,,,,,,,,2.7169242062544865,25-Feb
206,,,,,,,,,,,,,,,,,,,2.5242343253377455,25-Mar
207,,,,,,,,,,,,,,,,,,,3.0281157065405946,25-Apr
208,,,,,,,,,,,,,,,,,,,2.4967494206680323,25-May
209,,,,,,,,,,,,,,,,,,,2.487347086425586,25-Jun
210,,,,,,,,,,,,,,,,,,,2.105952091168997,25-Jul
211,,,,,,,,,,,,,,,,,,,2.0717812344329904,25-Aug
212,,,,,,,,,,,,,,,,,,,1.345632386602551,25-Sep
213,,,,,,,,,,,,,,,,,,,1.3794568562988356,25-Oct
214,,,,,,,,,,,,,,,,,,,3.4146758005468847,25-Nov
215,,,,,,,,,,,,,,,,,,,3.3083439674919566,25-Dec
